,Year,Quarter,Month,Employee,Cost Object,Paid FTE,Salary,Overhead,Total Expenses
0,2010,Q3,9,Employee 102,::DC/GO/CIS/BY/Minsk,0.5555556078008002,722.2222,341.1389,1063.3611
1,2010,Q4,10,Employee 102,::DC/GO/CIS/BY/Minsk,1.0,1300.0,637.2292,1937.2292
2,2010,Q4,11,Employee 102,::DC/GO/CIS/BY/Minsk,1.0,1300.0,589.6518000000001,1889.6518
3,2010,Q1,3,Employee 17,::DC/GO/CIS/BY/Minsk,0.6874998305879546,398.75,362.1535000000001,760.9035000000001
4,2010,Q2,4,Employee 17,::DC/GO/CIS/BY/Minsk,0.9999999491957199,699.9999,677.8367000000003,1377.8366000000003
5,2010,Q2,5,Employee 15,::DC/GO/CIS/BY/Minsk,0.13392861607644402,140.625,84.34979999999999,224.9748
6,2010,Q2,5,Employee 17,::DC/GO/CIS/BY/Minsk,1.0000000639340842,699.9999,629.8111,1329.8110000000001
7,2010,Q2,6,Employee 15,::DC/GO/CIS/BY/Minsk,0.5,525.0,323.4084,848.4084
8,2010,Q2,6,Employee 17,::DC/GO/CIS/BY/Minsk,0.9999999676049427,676.1364,646.8166999999999,1322.9530999999997
9,2010,Q3,7,Employee 15,::DC/GO/CIS/BY/Minsk,0.43371208104230297,455.3977,264.3999,719.7976
10,2010,Q3,7,Employee 17,::DC/GO/CIS/BY/Minsk,1.0,700.0,609.6206999999999,1309.6207
11,2010,Q3,7,Employee 53,::SS/HR/CIS/BY/TC/TRNE,0.0,0.0,0.0,0.0
12,2010,Q3,8,Employee 15,::DC/GO/CIS/BY/Minsk,0.5000000000000001,525.0,338.25839999999994,863.2583999999999
13,2010,Q3,8,Employee 17,::DC/GO/CIS/BY/Minsk,0.9999998547057432,700.0,676.5167,1376.5167000000001
14,2010,Q3,8,Employee 53,::DC/GO/CIS/BY/Minsk,0.5000000467338855,375.0,338.25840000000005,713.2584
15,2010,Q3,8,Employee 73,::DC/GO/CIS/BY/Minsk,0.5,250.0,338.25829999999996,588.2583
16,2010,Q3,9,Employee 15,::DC/GO/CIS/BY/Minsk,0.4999964421950515,525.0,307.0250999999999,832.0250999999998
17,2010,Q3,9,Employee 17,::DC/GO/CIS/BY/Minsk,1.0,700.0,614.0500999999999,1314.0501
18,2010,Q3,9,Employee 53,::DC/GO/CIS/BY/Minsk,0.5,375.0,307.0248999999999,682.0248999999999
19,2010,Q3,9,Employee 73,::DC/GO/CIS/BY/Minsk,0.5,375.0,307.0249,682.0249
20,2010,Q4,10,Employee 15,::DC/GO/CIS/BY/Minsk,0.4999955977567853,525.0,318.61469999999997,843.6147
21,2010,Q4,10,Employee 17,::DC/GO/CIS/BY/Minsk,1.0,700.0,637.2293,1337.2293
22,2010,Q4,10,Employee 53,::DC/GO/CIS/BY/Minsk,0.5,375.0,318.6146,693.6146
23,2010,Q4,10,Employee 73,::DC/GO/CIS/BY/Minsk,0.5,375.0,318.6146,693.6146
24,2010,Q4,11,Employee 15,::DC/GO/CIS/BY/Minsk,0.5000006331202024,525.0,294.8258000000001,819.8258000000001
25,2010,Q4,11,Employee 17,::DC/GO/CIS/BY/Minsk,1.0,700.0,589.6518000000001,1289.6518
26,2010,Q4,11,Employee 53,::DC/GO/CIS/BY/Minsk,0.5,375.0,294.82590000000005,669.8259
27,2010,Q4,11,Employee 73,::DC/GO/CIS/BY/Minsk,0.5,375.0,294.82590000000005,669.8259
28,2010,Q1,3,Employee 78,::DC/GO/CIS/BY/Minsk,0.4739884640196181,426.5896,249.68249999999998,676.2720999999999
29,2010,Q1,3,Employee 95,::DC/GO/CIS/BY/Minsk,0.3977272727272727,278.4091,209.51039999999995,487.91949999999997
30,2010,Q2,4,Employee 1,::DC/GO/CIS/BY/Minsk,1.0,700.0,677.8367000000001,1377.8367
31,2010,Q2,4,Employee 62,::DC/GO/CIS/BY/Minsk,1.0,900.0,677.8366999999998,1577.8366999999998
32,2010,Q2,4,Employee 78,::DC/GO/CIS/BY/Minsk,1.000000061664998,900.0001,677.8367,1577.8368
33,2010,Q2,4,Employee 95,::DC/GO/CIS/BY/Minsk,1.0,700.0,677.8366999999998,1377.8366999999998
34,2010,Q2,5,Employee 40,::DC/GO/CIS/BY/Minsk,0.09090912244172031,100.0,57.2555,157.25549999999998
35,2010,Q2,5,Employee 62,::DC/GO/CIS/BY/Minsk,1.0000000883345257,900.0001,629.8111000000001,1529.8112
36,2010,Q2,5,Employee 78,::DC/GO/CIS/BY/Minsk,0.9393939286974319,845.4546,591.6407000000003,1437.0953000000002
37,2010,Q2,5,Employee 95,::DC/GO/CIS/BY/Minsk,0.9999998947218927,700.0,629.8109999999999,1329.811
38,2010,Q2,5,Employee 96,::DC/GO/CIS/BY/Minsk,1.0000000290522464,900.0,629.8109999999999,1529.8110000000001
39,2010,Q2,5,Employee 97,::DC/GO/CIS/BY/Minsk,0.945945951425097,804.054,595.7673,1399.8213
40,2010,Q2,6,Employee 1,::DC/GO/CIS/BY/Minsk,0.4210525807768818,294.7369,272.3436,567.0805
41,2010,Q2,6,Employee 40,::DC/GO/CIS/BY/Minsk,0.9999999927839928,1100.0,646.8166999999999,1746.8166999999999
42,2010,Q2,6,Employee 62,::DC/GO/CIS/BY/Minsk,0.9999999482808717,900.0,646.8164,1546.8164
43,2010,Q2,6,Employee 78,::DC/GO/CIS/BY/Minsk,0.908088258111375,817.2793999999999,587.3668,1404.6462000000001
44,2010,Q2,6,Employee 95,::DC/GO/CIS/BY/Minsk,1.0,700.0,646.8168000000001,1346.8168
45,2010,Q2,6,Employee 96,::DC/GO/CIS/BY/Minsk,0.9999999870702215,900.0,646.8169000000003,1546.8169000000003
46,2010,Q2,6,Employee 97,::DC/GO/CIS/BY/Minsk,1.0,850.0,646.8167999999998,1496.8167999999998
47,2010,Q3,7,Employee 1,::DC/GO/CIS/BY/Minsk,1.0,900.0,609.6206999999999,1509.6207
48,2010,Q3,7,Employee 50,::DC/GO/CIS/BY/Minsk,0.9879518814516566,889.1567,602.2760000000002,1491.4327000000003
49,2010,Q3,7,Employee 62,::DC/GO/CIS/BY/Minsk,0.9999999242950708,900.0,609.6204,1509.6204
50,2010,Q3,7,Employee 78,::DC/GO/CIS/BY/Minsk,1.0,1000.0,609.6206999999999,1609.6207
51,2010,Q3,7,Employee 95,::DC/GO/CIS/BY/Minsk,1.0,950.0001,609.6206999999997,1559.6207999999997
52,2010,Q3,7,Employee 96,::DC/GO/CIS/BY/Minsk,0.9999999426145342,1050.0,609.6204000000001,1659.6204000000002
53,2010,Q3,7,Employee 97,::DC/GO/CIS/BY/Minsk,0.9999999242950708,900.0,609.6203999999998,1509.6203999999998
54,2010,Q3,8,Employee 1,::DC/GO/CIS/BY/Minsk,0.9999998808735386,900.0,676.5167,1576.5167
55,2010,Q3,8,Employee 50,::DC/GO/CIS/BY/Minsk,0.9999999837734703,900.0,676.5166999999998,1576.5166999999997
56,2010,Q3,8,Employee 62,::DC/GO/CIS/BY/Minsk,0.19374997856667903,0.0,131.0751,131.0751
57,2010,Q3,8,Employee 78,::DC/GO/CIS/BY/Minsk,1.0,1000.0,676.5166999999997,1676.5166999999997
58,2010,Q3,8,Employee 95,::DC/GO/CIS/BY/Minsk,1.0000000245924303,950.0,676.5168000000001,1626.5168
59,2010,Q3,8,Employee 96,::DC/GO/CIS/BY/Minsk,0.9999999905711486,1050.0,676.5167,1726.5167000000001
60,2010,Q3,8,Employee 97,::DC/GO/CIS/BY/Minsk,0.999999899845824,900.0,676.5166,1576.5166
61,2010,Q3,9,Employee 1,::DC/GO/CIS/BY/Minsk,1.0000000452494213,900.0,614.0500999999999,1514.0501
62,2010,Q3,9,Employee 50,::DC/GO/CIS/BY/Minsk,1.0,900.0,614.0500999999999,1514.0501
63,2010,Q3,9,Employee 78,::DC/GO/CIS/BY/Minsk,0.9999999757502641,1000.0,614.0499999999998,1614.05
64,2010,Q3,9,Employee 95,::DC/GO/CIS/BY/Minsk,1.0,950.0001,614.0501000000002,1564.0502000000001
65,2010,Q3,9,Employee 96,::DC/GO/CIS/BY/Minsk,0.9999999714326173,1050.0,614.05,1664.05
66,2010,Q3,9,Employee 97,::DC/GO/CIS/BY/Minsk,1.000000005765483,900.0001,614.05,1514.0501
67,2010,Q4,10,Employee 1,::DC/GO/CIS/BY/Minsk,1.0000000095286126,900.0,637.2294999999998,1537.2294999999997
68,2010,Q4,10,Employee 50,::DC/GO/CIS/BY/Minsk,1.0,900.0,637.2293000000002,1537.2293000000002
69,2010,Q4,10,Employee 78,::DC/GO/CIS/BY/Minsk,0.9999999683423724,1000.0001,637.2294,1637.2295000000001
70,2010,Q4,10,Employee 79,::DDC/SAP/Minsk,1.0,900.0,607.8476,1507.8476
71,2010,Q4,10,Employee 95,::DC/GO/CIS/BY/Minsk,1.0,950.0,637.2293,1587.2293
72,2010,Q4,11,Employee 1,::DC/GO/CIS/BY/Minsk,0.999999868623838,900.0,589.6516999999999,1489.6517
73,2010,Q4,11,Employee 50,::DC/GO/CIS/BY/Minsk,1.0,900.0,589.6518000000001,1489.6518
74,2010,Q4,11,Employee 78,::DC/GO/CIS/BY/Minsk,1.0000000198573655,1000.0,589.6519000000001,1589.6519
75,2010,Q4,11,Employee 79,::DDC/SAP/Minsk,1.0,900.0,562.6448,1462.6448
76,2010,Q4,11,Employee 95,::DC/GO/CIS/BY/Minsk,1.0,950.0001,589.6517999999999,1539.6518999999998
77,2010,Q4,12,Employee 79,::DDC/SAP/Minsk,1.0,900.0,572.0436,1472.0436
78,2010,Q1,3,Employee 13,::DC/GO/CIS/BY/Minsk,0.7272727272727273,872.7272,383.10480000000007,1255.832
79,2010,Q1,3,Employee 71,::DC/GO/CIS/BY/Minsk,0.3809523461111812,476.19039999999995,200.67390000000003,676.8643
80,2010,Q1,3,Employee 76,::DC/GO/CIS/BY/Minsk,0.5340909090909091,667.6136,281.34270000000004,948.9563
81,2010,Q2,4,Employee 13,::DC/GO/CIS/BY/Minsk,1.0,1200.0,677.8366999999998,1877.8366999999998
82,2010,Q2,4,Employee 27,::DC/GO/CIS/BY/Minsk,1.0,1200.0,677.8366999999998,1877.8366999999998
83,2010,Q2,4,Employee 71,::DC/GO/CIS/BY/Minsk,1.0,1250.0,677.8366999999998,1927.8366999999998
84,2010,Q2,4,Employee 75,::DC/GO/CIS/BY/Minsk,0.9999999539288564,1150.0,677.8366,1827.8366
85,2010,Q2,4,Employee 76,::DC/GO/CIS/BY/Minsk,0.9999999494397085,1300.0,677.8366000000001,1977.8366
86,2010,Q2,4,Employee 86,::DC/GO/CIS/BY/Minsk,0.9999999680483376,1200.0,677.8365000000001,1877.8365000000001
87,2010,Q2,5,Employee 13,::DC/GO/CIS/BY/Minsk,1.00000001024696,1200.0,629.8110000000001,1829.8110000000001
88,2010,Q2,5,Employee 27,::DC/GO/CIS/BY/Minsk,0.9999999617446885,1200.0001,629.8111000000001,1829.8112
89,2010,Q2,5,Employee 71,::DC/GO/CIS/BY/Minsk,1.0,1250.0,629.8110000000001,1879.8110000000001
90,2010,Q2,5,Employee 75,::DC/GO/CIS/BY/Minsk,0.9999999325771228,1150.0001,629.8110999999999,1779.8111999999999
91,2010,Q2,5,Employee 76,::DC/GO/CIS/BY/Minsk,1.0000000436366723,1299.9999,629.8111,1929.811
92,2010,Q2,5,Employee 86,::DC/GO/CIS/BY/Minsk,1.0000000354489438,1199.9999,629.8110999999999,1829.8110000000001
93,2010,Q2,6,Employee 13,::DC/GO/CIS/BY/Minsk,1.0,1200.0,646.8168000000001,1846.8168
94,2010,Q2,6,Employee 26,::DC/GO/CIS/BY/Minsk,1.0,1200.0,646.8168000000001,1846.8168
95,2010,Q2,6,Employee 27,::DC/GO/CIS/BY/Minsk,1.0000000438334653,1200.0001,646.8168,1846.8169
96,2010,Q2,6,Employee 71,::DC/GO/CIS/BY/Minsk,1.0,1250.0,646.8167999999998,1896.8167999999998
97,2010,Q2,6,Employee 75,::DC/GO/CIS/BY/Minsk,1.000000132713339,1150.0001,646.8168000000001,1796.8169
98,2010,Q2,6,Employee 76,::DC/GO/CIS/BY/Minsk,1.0,1300.0,646.8168000000001,1946.8168
99,2010,Q2,6,Employee 86,::DC/GO/CIS/BY/Minsk,1.0000000911953302,1200.0,646.8168000000002,1846.8168
100,2010,Q3,7,Employee 13,::DC/GO/CIS/BY/Minsk,1.000000003641022,1399.9999,609.6207999999999,2009.6207
101,2010,Q3,7,Employee 26,::DC/GO/CIS/BY/Minsk,0.9999999838676782,1250.0,609.6206999999998,1859.6206999999997
102,2010,Q3,7,Employee 27,::DC/GO/CIS/BY/Minsk,1.0,1250.0,609.6206999999997,1859.6206999999997
103,2010,Q3,7,Employee 71,::DC/GO/CIS/BY/Minsk,0.9999999301781003,1300.0,609.6204000000002,1909.6204000000002
104,2010,Q3,7,Employee 75,::DC/GO/CIS/BY/Minsk,0.9047618458661274,1130.9523,551.5616000000001,1682.5139
105,2010,Q3,7,Employee 76,::DC/GO/CIS/BY/Minsk,1.0,1500.0,609.6207,2109.6207
106,2010,Q3,7,Employee 86,::DC/GO/CIS/BY/Minsk,0.8421052369680887,1178.9473,513.3649,1692.3122
107,2010,Q3,8,Employee 13,::DC/GO/CIS/BY/Minsk,1.0,1400.0,676.5167000000006,2076.5167000000006
108,2010,Q3,8,Employee 26,::DC/GO/CIS/BY/Minsk,1.0,1250.0,676.5166999999994,1926.5166999999994
109,2010,Q3,8,Employee 27,::DC/GO/CIS/BY/Minsk,1.0,1250.0,676.5167000000001,1926.5167000000001
110,2010,Q3,8,Employee 71,::DC/GO/CIS/BY/Minsk,0.45454545454545453,590.9091,307.5074999999998,898.4165999999998
111,2010,Q3,8,Employee 75,::DC/GO/CIS/BY/Minsk,1.000000062288586,1250.0,676.5168000000001,1926.5168
112,2010,Q3,8,Employee 76,::DC/GO/CIS/BY/Minsk,1.0,1500.0,676.5166999999997,2176.5166999999997
113,2010,Q3,8,Employee 86,::DC/GO/CIS/BY/Minsk,1.0000000179190955,1400.0001,676.5167,2076.5168
114,2010,Q3,9,Employee 13,::DC/GO/CIS/BY/Minsk,1.0000000590323321,1400.0,614.0501,2014.0501
115,2010,Q3,9,Employee 26,::DC/GO/CIS/BY/Minsk,0.9999999836030238,1250.0,614.05,1864.05
116,2010,Q3,9,Employee 27,::DC/GO/CIS/BY/Minsk,0.9999999509270222,1250.0,614.0500999999997,1864.0500999999997
117,2010,Q3,9,Employee 71,::DC/GO/CIS/BY/Minsk,1.0000000428525115,1299.9999,614.0501999999998,1914.0500999999997
118,2010,Q3,9,Employee 75,::DC/GO/CIS/BY/Minsk,0.9999999331898626,1250.0,614.0502000000001,1864.0502000000001
119,2010,Q3,9,Employee 76,::DC/GO/CIS/BY/Minsk,0.9999999911763784,1499.9998999999998,614.0500000000001,2114.0499
120,2010,Q3,9,Employee 77,::DC/GO/CIS/BY/Minsk,0.5,575.0,307.0249000000001,882.0249000000001
121,2010,Q3,9,Employee 86,::DC/GO/CIS/BY/Minsk,1.0,1400.0,614.0501000000002,2014.0501000000002
122,2010,Q4,10,Employee 13,::DC/GO/CIS/BY/Minsk,1.0000000280604042,1399.9999,637.2294999999998,2037.2293999999997
123,2010,Q4,10,Employee 27,::DC/GO/CIS/BY/Minsk,0.9999999719933079,1250.0,637.2293000000002,1887.2293000000002
124,2010,Q4,10,Employee 71,::DC/GO/CIS/BY/Minsk,0.9999999591301841,1299.9998999999998,637.2295,1937.2294
125,2010,Q4,10,Employee 75,::DC/GO/CIS/BY/Minsk,0.9999999873659148,1250.0001,637.2291999999998,1887.2292999999997
126,2010,Q4,10,Employee 76,::DC/GO/CIS/BY/Minsk,1.0000000451258617,1500.0001,637.2293,2137.2293999999997
127,2010,Q4,10,Employee 77,::DC/GO/CIS/BY/Minsk,0.5,575.0,318.6146,893.6146
128,2010,Q4,10,Employee 86,::DC/GO/CIS/BY/Minsk,1.0,1400.0,637.2293,2037.2293
129,2010,Q4,11,Employee 13,::DC/GO/CIS/BY/Minsk,0.9999999269618101,1400.0,589.6517000000001,1989.6517000000001
130,2010,Q4,11,Employee 27,::DC/GO/CIS/BY/Minsk,0.9999998539814272,1250.0,589.6515999999999,1839.6516
131,2010,Q4,11,Employee 71,::DC/GO/CIS/BY/Minsk,1.0000000702279788,1299.9999,589.6516999999999,1889.6515999999997
132,2010,Q4,11,Employee 75,::DC/GO/CIS/BY/Minsk,0.999999939904355,1250.0,589.6515,1839.6515000000002
133,2010,Q4,11,Employee 76,::DC/GO/CIS/BY/Minsk,0.9999999508699002,1499.9998999999998,589.6517,2089.6516
134,2010,Q4,11,Employee 77,::DC/GO/CIS/BY/Minsk,0.5,575.0,294.82589999999993,869.8258999999999
135,2010,Q4,11,Employee 86,::DC/GO/CIS/BY/Minsk,1.0,1400.0,589.6517999999996,1989.6517999999996
136,2010,Q2,4,Employee 12,::DC/GO/CIS/BY/Minsk,0.9999999952471811,2000.0001000000002,677.8365999999999,2677.8367
137,2010,Q2,5,Employee 12,::DC/GO/CIS/BY/Minsk,1.000000038025545,2000.0001,629.8111000000005,2629.8112000000006
138,2010,Q2,6,Employee 12,::DC/GO/CIS/BY/Minsk,1.0000000596545808,2000.0,646.8168000000004,2646.8168000000005
139,2010,Q3,7,Employee 12,::DC/GO/CIS/BY/Minsk,0.9343750076639492,1868.7499,569.6144000000003,2438.3643
140,2010,Q3,8,Employee 12,::DC/GO/CIS/BY/Minsk,0.9404761566724813,1880.9523000000002,636.2477999999996,2517.2000999999996
141,2010,Q3,9,Employee 12,::DC/GO/CIS/BY/Minsk,1.0,2000.0,614.0501000000004,2614.0501000000004
142,2010,Q3,9,Employee 41,::DC/GO/CIS/BY/Minsk,0.6700127913123567,1172.5225,411.4213000000002,1583.9438000000002
143,2010,Q4,10,Employee 12,::DC/GO/CIS/BY/Minsk,1.0,2000.0,637.2293,2637.2293
144,2010,Q4,10,Employee 41,::DC/GO/CIS/BY/Minsk,0.670009129707267,1172.5161,426.9495000000002,1599.4656000000002
145,2010,Q4,11,Employee 12,::DC/GO/CIS/BY/Minsk,1.0,2000.0,589.6517999999996,2589.6517999999996
146,2010,Q4,11,Employee 41,::DC/GO/CIS/BY/Minsk,0.6700128024943773,1172.5225,395.0742000000001,1567.5967
147,2010,Q4,12,Employee 55,::CBU/TR,0.5,800.0,325.4203,1125.4203
148,2010,Q1,3,Employee 49,::DC/GO/CIS/BY/Minsk,0.5909090909090909,1122.7273,311.2726,1433.9999
149,2010,Q1,3,Employee 100,::DC/GO/CIS/BY/Minsk,0.12499999251531113,212.5,65.84599999999993,278.34599999999995
150,2010,Q2,4,Employee 9,::DC/GO/CIS/BY/Minsk,0.9999999734742467,2100.0,677.8366,2777.8366
151,2010,Q2,4,Employee 22,::DC/GO/CIS/BY/Minsk,0.4166666666666667,875.0,282.432,1157.432
152,2010,Q2,4,Employee 49,::DC/GO/CIS/BY/Minsk,1.0000000141922747,1899.9999,677.8368000000002,2577.8367000000003
153,2010,Q2,4,Employee 59,::DC/GO/CIS/BY/Minsk,0.39999997422499556,660.0,271.1346000000001,931.1346000000001
154,2010,Q2,4,Employee 100,::DC/GO/CIS/BY/Minsk,0.9999999966355972,1700.0,677.8365999999996,2377.8365999999996
155,2010,Q2,5,Employee 9,::DC/GO/CIS/BY/Minsk,1.0,2100.0,629.8110000000006,2729.8110000000006
156,2010,Q2,5,Employee 22,::DC/GO/CIS/BY/Minsk,0.4759036153405438,999.3976,299.7294000000002,1299.1270000000002
157,2010,Q2,5,Employee 49,::DC/GO/CIS/BY/Minsk,0.9999999604713583,1900.0,629.8111000000001,2529.8111
158,2010,Q2,5,Employee 100,::DC/GO/CIS/BY/Minsk,0.9500000386297436,1615.0,598.3204999999999,2213.3205
159,2010,Q2,6,Employee 9,::DC/GO/CIS/BY/Minsk,0.999999970875374,2099.9999,646.8164000000004,2746.8163000000004
160,2010,Q2,6,Employee 22,::DC/GO/CIS/BY/Minsk,0.5340909090909091,1121.5909,345.45900000000006,1467.0499
161,2010,Q2,6,Employee 49,::DC/GO/CIS/BY/Minsk,0.9999998665000397,1900.0,646.8168999999999,2546.8169
162,2010,Q2,6,Employee 100,::DC/GO/CIS/BY/Minsk,1.0,1700.0,646.8167999999996,2346.8167999999996
163,2010,Q3,7,Employee 9,::DC/GO/CIS/BY/Minsk,1.0,2100.0,609.6206999999999,2709.6207
164,2010,Q3,7,Employee 22,::DC/GO/CIS/BY/Minsk,0.3977272727272727,914.7728,242.4629,1157.2357
165,2010,Q3,7,Employee 49,::DC/GO/CIS/BY/Minsk,1.0,2000.0,609.6206999999999,2609.6207
166,2010,Q3,7,Employee 100,::DC/GO/CIS/BY/Minsk,1.0,1700.0,609.6206999999999,2309.6207
167,2010,Q3,8,Employee 9,::DC/GO/CIS/BY/Minsk,1.0,2099.9999,676.5166999999999,2776.5166
168,2010,Q3,8,Employee 22,::DC/GO/CIS/BY/Minsk,0.3409090909090909,784.091,230.63059999999996,1014.7216
169,2010,Q3,8,Employee 49,::DC/GO/CIS/BY/Minsk,1.0,2000.0,676.5167000000001,2676.5167
170,2010,Q3,8,Employee 100,::DC/GO/CIS/BY/Minsk,1.0,1700.0,676.5166999999997,2376.5166999999997
171,2010,Q3,9,Employee 9,::DC/GO/CIS/BY/Minsk,0.9999999336970431,2100.0,614.0501,2714.0501000000004
172,2010,Q3,9,Employee 22,::DC/GO/CIS/BY/Minsk,0.5,1150.0,307.0248999999999,1457.0249
173,2010,Q3,9,Employee 49,::DC/GO/CIS/BY/Minsk,1.000000042755654,1999.9998999999998,614.0500999999997,2614.0499999999997
174,2010,Q3,9,Employee 100,::DC/GO/CIS/BY/Minsk,0.9999998910395647,1700.0,614.0499,2314.0499
175,2010,Q4,10,Employee 9,::DC/GO/CIS/BY/Minsk,1.0000000024130316,2100.0,637.2290000000002,2737.2290000000003
176,2010,Q4,10,Employee 22,::DC/GO/CIS/BY/Minsk,0.5,1150.0,318.6145999999999,1468.6145999999999
177,2010,Q4,10,Employee 49,::DC/GO/CIS/BY/Minsk,0.9999999849242251,2000.0001,637.2293000000002,2637.2294
178,2010,Q4,10,Employee 100,::DC/GO/CIS/BY/Minsk,1.0000000582224626,1700.0,637.2295000000001,2337.2295000000004
179,2010,Q4,11,Employee 9,::DC/GO/CIS/BY/Minsk,0.9999999390968307,2100.0,589.6517000000001,2689.6517000000003
180,2010,Q4,11,Employee 22,::DC/GO/CIS/BY/Minsk,1.0000000756210636,2300.0,589.6516999999999,2889.6517
181,2010,Q4,11,Employee 49,::DC/GO/CIS/BY/Minsk,1.0000000202195127,1999.9998999999998,589.6518000000001,2589.6517
182,2010,Q4,11,Employee 100,::DC/GO/CIS/BY/Minsk,0.9999999268961584,1700.0,589.6516000000001,2289.6516
183,2010,Q1,3,Employee 42,::DC/GO/CIS/BY/Minsk,0.10638297290768191,255.31920000000002,56.03919999999994,311.35839999999996
184,2010,Q2,4,Employee 42,::DC/GO/CIS/BY/Minsk,1.0,2400.0,677.8367000000003,3077.8367000000003
185,2010,Q2,5,Employee 42,::DC/GO/CIS/BY/Minsk,1.000000042817765,2399.9999000000003,629.8110999999997,3029.8109999999997
186,2010,Q2,6,Employee 42,::DC/GO/CIS/BY/Minsk,0.9999999922773785,2400.0001,646.8165,3046.8166
187,2010,Q3,7,Employee 42,::DC/GO/CIS/BY/Minsk,0.9999999857599523,2400.0,609.6206999999999,3009.6207
188,2010,Q3,9,Employee 34,::DDC/SAP/Minsk,0.9890110474892421,3214.2859,577.0785000000001,3791.3644
189,2010,Q4,12,Employee 34,::DDC/SAP/Minsk,0.8333337257936989,2708.3335,476.7029999999999,3185.0365
190,2010,Q2,5,Employee 48,::DC/GO/CIS/BY/Minsk,0.8076922467375618,255.7693,508.69340000000005,764.4627
191,2010,Q2,6,Employee 48,::DC/GO/CIS/BY/Minsk,0.9999999197445051,350.0,646.8163999999999,996.8163999999999
192,2010,Q2,6,Employee 57,::DC/GO/CIS/BY/Minsk,0.933522997194618,326.7329,603.8179,930.5508
193,2010,Q3,7,Employee 29,::DC/GO/CIS/BY/Minsk,0.8710228822133227,348.4091,530.9936,879.4027000000001
194,2010,Q3,7,Employee 48,::DC/GO/CIS/BY/Minsk,0.9999998809053031,350.0,609.6204000000002,959.6204000000001
195,2010,Q3,7,Employee 57,::DC/GO/CIS/BY/Minsk,1.0,350.0,609.6207,959.6207
196,2010,Q3,7,Employee 81,::DC/GO/CIS/BY/Minsk,0.4193180958368656,167.7273,255.6249,423.3522
197,2010,Q3,8,Employee 29,::DC/GO/CIS/BY/Minsk,1.00000002211719,400.0,676.5166999999999,1076.5167
198,2010,Q3,8,Employee 48,::DC/GO/CIS/BY/Minsk,1.0,350.0,676.5167000000001,1026.5167000000001
199,2010,Q3,8,Employee 57,::DC/GO/CIS/BY/Minsk,1.0,350.0,676.5166999999999,1026.5167
200,2010,Q3,8,Employee 81,::DC/GO/CIS/BY/Minsk,0.22636109699567228,90.5444,153.137,243.6814
201,2010,Q3,9,Employee 29,::DC/GO/CIS/BY/Minsk,1.0,400.0,614.0500999999998,1014.0500999999998
202,2010,Q3,9,Employee 48,::DC/GO/CIS/BY/Minsk,1.0,350.0,614.0501,964.0501
203,2010,Q3,9,Employee 57,::DC/GO/CIS/BY/Minsk,1.0,350.0,614.0501,964.0501
204,2010,Q3,9,Employee 81,::DC/GO/CIS/BY/Minsk,1.0,400.0,614.0500999999999,1014.0500999999999
205,2010,Q4,10,Employee 29,::DC/GO/CIS/BY/Minsk,1.0,400.0,637.2293,1037.2293
206,2010,Q4,10,Employee 48,::DC/GO/CIS/BY/Minsk,1.0,350.0,637.2293000000001,987.2293000000001
207,2010,Q4,10,Employee 57,::DC/GO/CIS/BY/Minsk,1.0,350.0,637.2292999999999,987.2292999999999
208,2010,Q4,10,Employee 81,::DC/GO/CIS/BY/Minsk,1.0,400.0,637.2293000000002,1037.2293000000002
209,2010,Q4,11,Employee 29,::DC/GO/CIS/BY/Minsk,1.0,400.0,589.6518000000001,989.6518000000001
210,2010,Q4,11,Employee 48,::DC/GO/CIS/BY/Minsk,1.0,350.0,589.6518,939.6518
211,2010,Q4,11,Employee 57,::DC/GO/CIS/BY/Minsk,1.0,350.0,589.6518,939.6518
212,2010,Q4,11,Employee 81,::DC/GO/CIS/BY/Minsk,1.0,400.0,589.6518,989.6518
213,2010,Q2,4,Employee 52,::DC/GO/CIS/BY/Minsk,0.9487179925724425,521.7949,643.0758000000001,1164.8707
214,2010,Q2,4,Employee 56,::DC/GO/CIS/BY/Minsk,0.8529412660373537,486.1764,578.1551,1064.3315
215,2010,Q2,4,Employee 101,::DC/GO/CIS/BY/Minsk,0.9516129744334485,475.80649999999997,645.0381,1120.8446
216,2010,Q2,5,Employee 52,::DC/GO/CIS/BY/Minsk,0.7483221698363376,411.5772,471.30150000000015,882.8787000000002
217,2010,Q2,5,Employee 56,::DC/GO/CIS/BY/Minsk,0.48511904761904767,276.5179,305.53350000000006,582.0514000000001
218,2010,Q2,5,Employee 101,::DC/GO/CIS/BY/Minsk,0.7307691831097981,365.38460000000003,460.2465,825.6311000000001
219,2010,Q2,6,Employee 52,::DC/GO/CIS/BY/Minsk,0.5604838170613013,308.2661,362.5303,670.7964
220,2010,Q2,6,Employee 56,::DC/GO/CIS/BY/Minsk,0.6955128563355961,396.4423,449.8692,846.3114999999999
221,2010,Q2,6,Employee 101,::DC/GO/CIS/BY/Minsk,0.6960227272727274,348.0114,450.19920000000013,798.2106000000001
222,2010,Q3,7,Employee 52,::DC/GO/CIS/BY/Minsk,0.9051204279009057,497.8163,551.7801,1049.5964
223,2010,Q3,7,Employee 56,::DC/GO/CIS/BY/Minsk,0.6846590909090909,445.0284,417.3823999999999,862.4107999999999
224,2010,Q3,7,Employee 101,::DC/GO/CIS/BY/Minsk,0.41388881879488204,206.94439999999997,252.3152999999999,459.2596999999999
225,2010,Q3,8,Employee 52,::DC/GO/CIS/BY/Minsk,1.0,550.0,676.5167000000001,1226.5167000000001
226,2010,Q3,8,Employee 56,::DC/GO/CIS/BY/Minsk,0.9709302272986924,631.1047,656.8503999999999,1287.9551
227,2010,Q3,8,Employee 101,::DC/GO/CIS/BY/Minsk,1.0000000377762923,500.0,676.5169,1176.5169
228,2010,Q3,9,Employee 52,::DC/GO/CIS/BY/Minsk,0.9999997986647875,550.0,614.0498,1164.0498
229,2010,Q3,9,Employee 56,::DC/GO/CIS/BY/Minsk,1.0000000318950804,650.0,614.0500000000001,1264.05
230,2010,Q3,9,Employee 101,::DC/GO/CIS/BY/Minsk,1.0000001465979544,500.0,614.0499999999998,1114.05
231,2010,Q4,10,Employee 52,::DC/GO/CIS/BY/Minsk,0.9999999086854424,550.0,637.2293999999999,1187.2294
232,2010,Q4,10,Employee 56,::DC/GO/CIS/BY/Minsk,1.0000000188727924,650.0001,637.2297,1287.2297999999998
233,2010,Q4,10,Employee 101,::DC/GO/CIS/BY/Minsk,1.0000000760583658,500.0,637.2294999999999,1137.2295
234,2010,Q4,11,Employee 52,::DC/GO/CIS/BY/Minsk,0.9999998694362222,550.0,589.6516999999999,1139.6517
235,2010,Q4,11,Employee 56,::DC/GO/CIS/BY/Minsk,1.0000000759688321,650.0,589.6518000000001,1239.6518
236,2010,Q4,11,Employee 101,::DC/GO/CIS/BY/Minsk,1.000000260292306,500.0,589.6519,1089.6518999999998
237,2010,Q2,4,Employee 4,::DC/GO/CIS/BY/Minsk,0.7625000665468155,686.25,516.8504999999999,1203.1005
238,2010,Q2,4,Employee 39,::DC/GO/CIS/BY/Minsk,0.9999998912613014,900.0,677.8365,1577.8365000000001
239,2010,Q2,4,Employee 65,::DC/GO/CIS/BY/Minsk,0.888888945277614,711.1111000000001,602.5217000000002,1313.6328000000003
240,2010,Q2,5,Employee 4,::DC/GO/CIS/BY/Minsk,0.7215189534168424,649.3670999999999,454.42060000000004,1103.7877
241,2010,Q2,5,Employee 39,::DC/GO/CIS/BY/Minsk,1.0000000632857786,900.0,629.8112,1529.8112
242,2010,Q2,5,Employee 65,::DC/GO/CIS/BY/Minsk,0.7086614272354943,566.9291,446.32270000000005,1013.2518
243,2010,Q2,6,Employee 4,::DC/GO/CIS/BY/Minsk,0.5397727272727273,485.7955,349.13410000000005,834.9296
244,2010,Q2,6,Employee 39,::DC/GO/CIS/BY/Minsk,0.3678160458823759,331.0345,237.90930000000003,568.9438
245,2010,Q2,6,Employee 65,::DC/GO/CIS/BY/Minsk,0.6785714022410444,542.8571,438.9112999999999,981.7683999999999
246,2010,Q3,7,Employee 4,::DC/GO/CIS/BY/Minsk,0.5159573918419024,464.3617,314.5382,778.8999
247,2010,Q3,7,Employee 65,::DC/GO/CIS/BY/Minsk,0.8388889913593215,671.1111,511.4041999999997,1182.5152999999998
248,2010,Q3,8,Employee 4,::DC/GO/CIS/BY/Minsk,1.0000000126861979,900.0,676.5165,1576.5165
249,2010,Q3,8,Employee 65,::DC/GO/CIS/BY/Minsk,0.9999999999999999,800.0,676.5168,1476.5167999999999
250,2010,Q3,9,Employee 4,::DC/GO/CIS/BY/Minsk,1.000000102728875,900.0,614.0499,1514.0499
251,2010,Q3,9,Employee 65,::DC/GO/CIS/BY/Minsk,0.9999999308873171,799.9999,614.0499000000002,1414.0498000000002
252,2010,Q4,10,Employee 4,::DC/GO/CIS/BY/Minsk,1.0000000245579617,900.0,637.2295000000001,1537.2295000000001
253,2010,Q4,10,Employee 65,::DC/GO/CIS/BY/Minsk,0.9999998162230156,800.0,637.2291,1437.2291
254,2010,Q4,11,Employee 4,::DC/GO/CIS/BY/Minsk,0.9999999573135866,900.0,589.6515000000002,1489.6515000000002
255,2010,Q4,11,Employee 65,::DC/GO/CIS/BY/Minsk,0.9999999939212557,799.9999,589.6517,1389.6516000000001
256,2010,Q4,12,Employee 6,::DC/GO/CIS/BY/Minsk,1.0000000698699785,870.0,599.7482000000001,1469.7482
